Unnamed: 0,track_name,album,artist,release_year,track_data_concat,first_genre_assigned,energy,danceability,duration_ms,mode,spotify_url,artist_image,album_cover,position,period
0,"Principia (feat. Fabiana Cozza, Pastor Henrique Vieira & Pastoras do Rosário)",AmarElo,Emicida,2019,"Principia (feat. Fabiana Cozza, Pastor Henrique Vieira & Pastoras do Rosário)
Emicida
AmarElo
2019",afrofuturismo brasileiro,0.592,0.513,355867,1,https://open.spotify.com/track/1wTuMYmA3AJC7zKg6cuu19,https://i.scdn.co/image/ab6761610000e5eb908b4b4bc90e1518b68b4068,https://i.scdn.co/image/ab67616d0000b273a4c3a6f5913f662897a388fa,1,long_term
1,Alumiô,Alumiô,Luiza Lian,2019,"Alumiô
Luiza Lian
Alumiô
2019",afrobeat brasileiro,0.654,0.71,204116,1,https://open.spotify.com/track/1wBZJA59toDn4TESZRPxs3,https://i.scdn.co/image/ab6761610000e5ebf4821ced87a99a129f3048ed,https://i.scdn.co/image/ab67616d0000b273204b3134c73fb38f7237611d,2,long_term
2,melhor sozinha :-)-:,melhor sozinha :-)-:,Luísa Sonza,2021,"melhor sozinha :-)-:
Luísa Sonza
melhor sozinha :-)-:
2021",funk carioca,0.299,0.65,227216,0,https://open.spotify.com/track/0gpZ8zy9OAE98nNBVIxWvi,https://i.scdn.co/image/ab6761610000e5eb0868e40af63067661b9d9e2f,https://i.scdn.co/image/ab67616d0000b2733bf35d9543186a44cf6c5c7a,3,long_term
3,Maracaia,Alegria Original,Timbalada,2006,"Maracaia
Timbalada
Alegria Original
2006",axe,0.687,0.654,243093,0,https://open.spotify.com/track/4cDBakzov3PwSl69bP3s3h,https://i.scdn.co/image/ab6761610000e5eb46b1768eee836c2ad096f0ed,https://i.scdn.co/image/ab67616d0000b273cc438bc7a2e224479b140407,4,long_term
4,Expresso Sudamericah,Dolores Dala Guardião do Alívio,Rico Dalasam,2021,"Expresso Sudamericah
Rico Dalasam
Dolores Dala Guardião do Alívio
2021",funk carioca,0.679,0.603,184227,0,https://open.spotify.com/track/2NZ4K2NAgH7Nqsh2hbcam3,https://i.scdn.co/image/ab6761610000e5eb1c158f22fb79ffd6a891fb18,https://i.scdn.co/image/ab67616d0000b2734f16120329252a2324a4b05e,5,long_term
5,EU TE AMO,MEMÓRIAS (de onde eu nunca fui),Lagum,2021,"EU TE AMO
Lagum
MEMÓRIAS (de onde eu nunca fui)
2021",belo horizonte indie,0.469,0.626,188541,1,https://open.spotify.com/track/4WbkVm4eW824meQyaf4qfv,https://i.scdn.co/image/ab6761610000e5eb3e88d7bb247be86ce78edb77,https://i.scdn.co/image/ab67616d0000b27351686d809de14a6d5b270eec,6,long_term
6,Detesto Despedidas,Coisas da Geração,Lagum,2019,"Detesto Despedidas
Lagum
Coisas da Geração
2019",belo horizonte indie,0.638,0.801,174721,1,https://open.spotify.com/track/4ow47hEGWz7eKykRH3npQP,https://i.scdn.co/image/ab6761610000e5eb3e88d7bb247be86ce78edb77,https://i.scdn.co/image/ab67616d0000b2734cedf031ee76c7fbd3f969ef,7,long_term
7,Água,Djavan,Djavan,1978,"Água
Djavan
Djavan
1978",bossa nova,0.6,0.414,219173,1,https://open.spotify.com/track/7j9SLvtP89AbYzVhsJVzHm,https://i.scdn.co/image/ab6761610000e5eb3f1dbad3d3615bdc0478ea88,https://i.scdn.co/image/ab67616d0000b273906b2e5d11cef03ba171dd18,8,long_term
8,"Cananéia, Iguape e Ilha Comprida",AmarElo,Emicida,2019,"Cananéia, Iguape e Ilha Comprida
Emicida
AmarElo
2019",afrofuturismo brasileiro,0.794,0.501,335600,1,https://open.spotify.com/track/3aXbjjFVHC86pSZey62vbS,https://i.scdn.co/image/ab6761610000e5eb908b4b4bc90e1518b68b4068,https://i.scdn.co/image/ab67616d0000b273a4c3a6f5913f662897a388fa,9,long_term
9,Me Dê,Martins,Martins,2019,"Me Dê
Martins
Martins
2019",nova mpb,0.563,0.753,274284,0,https://open.spotify.com/track/71uNKEzoGW0t0BYs15GKtn,https://i.scdn.co/image/ab6761610000e5ebc3e5d00477e8eab2116c814d,https://i.scdn.co/image/ab67616d0000b273f2da5945e1e98ee0951dcb85,10,long_term
10,Manga,Manga,Mayra Andrade,2019,"Manga
Mayra Andrade
Manga
2019",afropop,0.533,0.718,170413,1,https://open.spotify.com/track/1Iod4fjYd6TTXw9DI6nHpB,https://i.scdn.co/image/ab6761610000e5eb1363702b40ba564dbf5d73f1,https://i.scdn.co/image/ab67616d0000b273c713da96e0d91dfb91b017b7,11,long_term
11,A Nível De...,Comissão De Frente,João Bosco,1982,"A Nível De...
João Bosco
Comissão De Frente
1982",bossa nova,0.741,0.632,220067,0,https://open.spotify.com/track/6XqBNBCqLypx0rubKLtkcC,https://i.scdn.co/image/ab6761610000e5ebe700714015500c6eb76fc63d,https://i.scdn.co/image/ab67616d0000b273062b05b99456b8a1166a3282,12,long_term
12,Quem Tem Um Amigo (Tem Tudo) (feat. Zeca Pagodinho & Tokyo Ska Paradise Orchestra),AmarElo,Emicida,2019,"Quem Tem Um Amigo (Tem Tudo) (feat. Zeca Pagodinho & Tokyo Ska Paradise Orchestra)
Emicida
AmarElo
2019",afrofuturismo brasileiro,0.938,0.811,249000,0,https://open.spotify.com/track/4yEBOuDHhrFeGXyXNJ3C4y,https://i.scdn.co/image/ab6761610000e5eb908b4b4bc90e1518b68b4068,https://i.scdn.co/image/ab67616d0000b273a4c3a6f5913f662897a388fa,13,long_term
13,Love Proceeding,Talk Memory,BADBADNOTGOOD,2021,"Love Proceeding
BADBADNOTGOOD
Talk Memory
2021",alternative hip hop,0.584,0.318,325829,0,https://open.spotify.com/track/5F8XPD481L6K2s8h02Vxuo,https://i.scdn.co/image/ab6761610000e5eb61d28b161209f1ee239fdafa,https://i.scdn.co/image/ab67616d0000b2738953ebcbd40186343ae9be8b,14,long_term
14,A Ordem Natural das Coisas (feat. Mc Tha),AmarElo,Emicida,2019,"A Ordem Natural das Coisas (feat. Mc Tha)
Emicida
AmarElo
2019",afrofuturismo brasileiro,0.589,0.429,235867,1,https://open.spotify.com/track/7MK6sYlWniVj8D1mrAAIwb,https://i.scdn.co/image/ab6761610000e5eb908b4b4bc90e1518b68b4068,https://i.scdn.co/image/ab67616d0000b273a4c3a6f5913f662897a388fa,15,long_term
15,DDGA,Dolores Dala Guardião do Alívio,Rico Dalasam,2021,"DDGA
Rico Dalasam
Dolores Dala Guardião do Alívio
2021",funk carioca,0.534,0.401,84173,1,https://open.spotify.com/track/1AKL1ojB0nHmfAPMhmCtla,https://i.scdn.co/image/ab6761610000e5eb1c158f22fb79ffd6a891fb18,https://i.scdn.co/image/ab67616d0000b2734f16120329252a2324a4b05e,16,long_term
16,Afeto,Manga,Mayra Andrade,2019,"Afeto
Mayra Andrade
Manga
2019",afropop,0.875,0.83,264413,0,https://open.spotify.com/track/6Y9ajxGefBUK9pMbT0C8gv,https://i.scdn.co/image/ab6761610000e5eb1363702b40ba564dbf5d73f1,https://i.scdn.co/image/ab67616d0000b273c713da96e0d91dfb91b017b7,17,long_term
17,Na Beira Do Mar,Mãe De Samba,Timbalada,1997,"Na Beira Do Mar
Timbalada
Mãe De Samba
1997",axe,0.697,0.654,176160,1,https://open.spotify.com/track/4LGDlrDVSIZJq1nxWlrJoi,https://i.scdn.co/image/ab6761610000e5eb46b1768eee836c2ad096f0ed,https://i.scdn.co/image/ab67616d0000b2734385e1d2f9df41cfbac35794,18,long_term
18,Solidão Civilizada,Mansa Fúria,Josyara,2018,"Solidão Civilizada
Josyara
Mansa Fúria
2018",musica baiana,0.362,0.739,170240,1,https://open.spotify.com/track/44M0XkFD3S8M3XGWOfMlRd,https://i.scdn.co/image/ab6761610000e5eb44c63462f644d6a87361aeda,https://i.scdn.co/image/ab67616d0000b27333bf3de66ce1cbe6ef63df46,19,long_term
19,Cariñito,Tropicalísimo: Clásicos de Cumbia Peruana,Various Artists,2017,"Cariñito
Various Artists
Tropicalísimo: Clásicos de Cumbia Peruana
2017",alternative rock,0.781,0.715,245031,1,https://open.spotify.com/track/2jQj5bsJeOad1YoaPWjJHm,https://i.scdn.co/image/ab6761610000e5eb7462d94efa2db53abba8c003,https://i.scdn.co/image/ab67616d0000b27392af73906d5b2f924e455a84,20,long_term
20,Bixinho,Sinto Muito,DUDA BEAT,2018,"Bixinho
DUDA BEAT
Sinto Muito
2018",funk carioca,0.366,0.685,205946,1,https://open.spotify.com/track/04RFAnuBZkyITGUNIbZHhb,https://i.scdn.co/image/ab6761610000e5ebdd52a88ff9d82d7f94b5db68,https://i.scdn.co/image/ab67616d0000b2731d7513bbad99e03fea580da5,21,long_term
21,Olhos Em Protesto,Martins,Martins,2019,"Olhos Em Protesto
Martins
Martins
2019",nova mpb,0.398,0.396,244730,0,https://open.spotify.com/track/5xjmTOWDrF2oBq4bnUFA82,https://i.scdn.co/image/ab6761610000e5ebc3e5d00477e8eab2116c814d,https://i.scdn.co/image/ab67616d0000b273f2da5945e1e98ee0951dcb85,22,long_term
22,Piou,Piou,Orgânico,2020,"Piou
Orgânico
Piou
2020",pop rap brasileiro,0.291,0.747,282931,0,https://open.spotify.com/track/3fDga6YoAWqkmfA47jpgBg,https://i.scdn.co/image/ab6761610000e5eb332aa7441501fec1da39cc1c,https://i.scdn.co/image/ab67616d0000b2731f30acc8560bf62a77db4e1d,23,long_term
23,Yellow,Parachutes,Coldplay,2000,"Yellow
Coldplay
Parachutes
2000",permanent wave,0.285,0.429,266773,1,https://open.spotify.com/track/3AJwUDP919kvQ9QcozQPxg,https://i.scdn.co/image/ab6761610000e5eb989ed05e1f0570cc4726c2d3,https://i.scdn.co/image/ab67616d0000b2733d92b2ad5af9fbc8637425f0,24,long_term
24,Alumiô (Cai na Terra),Alumiô (Cai na Terra),Bixiga 70,2019,"Alumiô (Cai na Terra)
Bixiga 70
Alumiô (Cai na Terra)
2019",afrobeat brasileiro,0.666,0.542,273659,1,https://open.spotify.com/track/4HAgKaVCvRqcIFiMXPH778,https://i.scdn.co/image/ab6761610000e5eb64d4fedaf778ad1953c74830,https://i.scdn.co/image/ab67616d0000b2738fb1d28d4155064046dd5a29,25,long_term
25,Trem do Pantanal,Doma,Almir Sater,1982,"Trem do Pantanal
Almir Sater
Doma
1982",folk brasileiro,0.517,0.544,196200,1,https://open.spotify.com/track/5TbGggVvN7PiUoYKonwokZ,https://i.scdn.co/image/ab6761610000e5eb88f2d08a99e3a097986d36da,https://i.scdn.co/image/ab67616d0000b273cbd17654eae442c0482de6cc,26,long_term
26,Meu Mel,O Original,Zé Vaqueiro,2020,"Meu Mel
Zé Vaqueiro
O Original
2020",arrocha,0.542,0.566,163588,1,https://open.spotify.com/track/7Jw5gMzNL8g0aeX27mUhuW,https://i.scdn.co/image/ab6761610000e5ebac0402a2a11c65685ae4ae74,https://i.scdn.co/image/ab67616d0000b273ab441d7003afe2d716698906,27,long_term
27,DESCOBRIDOR,MEMÓRIAS (de onde eu nunca fui),Lagum,2021,"DESCOBRIDOR
Lagum
MEMÓRIAS (de onde eu nunca fui)
2021",belo horizonte indie,0.572,0.617,188519,0,https://open.spotify.com/track/2pg5jMIT8VlxYnwWFff9UT,https://i.scdn.co/image/ab6761610000e5eb3e88d7bb247be86ce78edb77,https://i.scdn.co/image/ab67616d0000b27351686d809de14a6d5b270eec,28,long_term
28,Água Da Minha Sede,Água Da Minha Sede,Zeca Pagodinho,2000,"Água Da Minha Sede
Zeca Pagodinho
Água Da Minha Sede
2000",pagode,0.521,0.684,248493,1,https://open.spotify.com/track/5yEGs6NxH8JJseKVNKeduc,https://i.scdn.co/image/ab6761610000e5eb6ec92095c26af9ea20cd4451,https://i.scdn.co/image/ab67616d0000b27360b21e5bb4f7d985393b9f43,29,long_term
29,Louca,Louca,Alice Caymmi,2017,"Louca
Alice Caymmi
Louca
2017",funk carioca,0.905,0.871,159000,0,https://open.spotify.com/track/40taoSSjzKnymwcc5NJVOj,https://i.scdn.co/image/ab6761610000e5eb05854de218ef93ef2365e122,https://i.scdn.co/image/ab67616d0000b2737ae6b8121932b5d4313a4b27,30,long_term
30,As It Was,As It Was,Harry Styles,2022,"As It Was
Harry Styles
As It Was
2022",pop,0.662,0.52,167303,0,https://open.spotify.com/track/4LRPiXqCikLlN15c3yImP7,https://i.scdn.co/image/ab6761610000e5ebf7db7c8ede90a019c54590bb,https://i.scdn.co/image/ab67616d0000b273b46f74097655d7f353caab14,31,long_term
31,primavera,Roteiro pra Aïnouz (Vol. 2),Don L,2021,"primavera
Don L
Roteiro pra Aïnouz (Vol. 2)
2021",brazilian hip hop,0.581,0.431,249280,0,https://open.spotify.com/track/3Dx6Wk14yRdWlQonXjDG0h,https://i.scdn.co/image/ab6761610000e5ebfd2973d1223ebefb570f32f4,https://i.scdn.co/image/ab67616d0000b2730052784c6ce6f843c97fb724,32,long_term
32,Chuva No Brejo,Moraes Moreira,Moraes Moreira,1975,"Chuva No Brejo
Moraes Moreira
Moraes Moreira
1975",bossa nova,0.764,0.512,251347,1,https://open.spotify.com/track/38mKWX7C2FVctK9wWo1luO,https://i.scdn.co/image/ab67616d0000b273d68cf46efe9eb9a14258bc76,https://i.scdn.co/image/ab67616d0000b2735633a0f3e3e8f25521863777,33,long_term
33,Quero Você do Jeito Que Quiser,Festa das Patroas,Marília Mendonça,2020,"Quero Você do Jeito Que Quiser
Marília Mendonça
Festa das Patroas
2020",arrocha,0.353,0.698,215979,1,https://open.spotify.com/track/64I6t2tuUGnIlaDIzHJ6YI,https://i.scdn.co/image/ab6761610000e5eb178a83212c7e82d1389cb76a,https://i.scdn.co/image/ab67616d0000b2738a719f513acb2844a0c2948b,34,long_term
34,enquanto recomeça,Roteiro pra Aïnouz (Vol. 2),Don L,2021,"enquanto recomeça
Don L
Roteiro pra Aïnouz (Vol. 2)
2021",brazilian hip hop,0.214,0.686,187504,0,https://open.spotify.com/track/0udrtBC4E19RBX33bdQPLo,https://i.scdn.co/image/ab6761610000e5ebfd2973d1223ebefb570f32f4,https://i.scdn.co/image/ab67616d0000b2730052784c6ce6f843c97fb724,35,long_term
35,Miçanga,Miçanga,BaianaSystem,2020,"Miçanga
BaianaSystem
Miçanga
2020",afrobeat brasileiro,0.668,0.698,243667,0,https://open.spotify.com/track/7yqGQh8ullxqsv30ASaEgE,https://i.scdn.co/image/ab6761610000e5ebac291f376ca791339f922209,https://i.scdn.co/image/ab67616d0000b273f1db06f70c6b5d415449a7af,36,long_term
36,Dia Lindo,Violeta,Terno Rei,2019,"Dia Lindo
Terno Rei
Violeta
2019",brazilian rock,0.309,0.634,110347,1,https://open.spotify.com/track/0zG0LzLbVueZll4drMFPgz,https://i.scdn.co/image/ab6761610000e5eb5b50950f4987d00ae9a9215d,https://i.scdn.co/image/ab67616d0000b27342486337c11ac28cbd7e9ae3,37,long_term
37,Presença,Crianças Selvagens,Hot,2020,"Presença
Hot
Crianças Selvagens
2020",,0.915,0.935,225253,1,https://open.spotify.com/track/20NpUXWROh40QTESlCTx1n,https://i.scdn.co/image/ab6761610000e5eb0fe92079ea93f0cb4e29ffae,https://i.scdn.co/image/ab67616d0000b273b298465574cc0983dbab0c8e,38,long_term
38,Toneladas De Desejo,Cada Cabeca É Um Mundo,Timbalada,1995,"Toneladas De Desejo
Timbalada
Cada Cabeca É Um Mundo
1995",axe,0.826,0.74,187533,1,https://open.spotify.com/track/0jDrBNdjnSW2PKBibuJTtW,https://i.scdn.co/image/ab6761610000e5eb46b1768eee836c2ad096f0ed,https://i.scdn.co/image/ab67616d0000b273b218c52cea3e45771a5001ee,39,long_term
39,Ogã de Ogum,Dos Santos,Fabiana Cozza,2020,"Ogã de Ogum
Fabiana Cozza
Dos Santos
2020",afrofuturismo brasileiro,0.763,0.886,182736,1,https://open.spotify.com/track/2O3SGRM2Mbxm9CvZMUQBoc,https://i.scdn.co/image/ab6761610000e5ebc3677dc9bd8dea7febeeef93,https://i.scdn.co/image/ab67616d0000b2736d0f3f0a42cdfb559d1e2165,40,long_term
40,Forasteiro,Forasteiro,BaianaSystem,2016,"Forasteiro
BaianaSystem
Forasteiro
2016",afrobeat brasileiro,0.856,0.685,210373,0,https://open.spotify.com/track/6SdaB4qWrwFG5goKg3NbVj,https://i.scdn.co/image/ab6761610000e5ebac291f376ca791339f922209,https://i.scdn.co/image/ab67616d0000b27326eebe64dbeba8f4657d6c64,41,long_term
41,Por um Minuto (Por un Minuto) - Ao Vivo,Acústico - Ao Vivo,Bruno & Marrone,2001,"Por um Minuto (Por un Minuto) - Ao Vivo
Bruno & Marrone
Acústico - Ao Vivo
2001",pagode,0.383,0.624,286733,1,https://open.spotify.com/track/2UDG7xlSeJ51V5PJpJGcup,https://i.scdn.co/image/ab6761610000e5ebbb76e357a834654e45e76f1f,https://i.scdn.co/image/ab67616d0000b2739ce10bf887848831c83ec215,42,long_term
42,Nanã,Mansa Fúria,Josyara,2018,"Nanã
Josyara
Mansa Fúria
2018",musica baiana,0.344,0.683,229307,1,https://open.spotify.com/track/6PW0Oe1zwAP5IG6bQP4pWs,https://i.scdn.co/image/ab6761610000e5eb44c63462f644d6a87361aeda,https://i.scdn.co/image/ab67616d0000b27333bf3de66ce1cbe6ef63df46,43,long_term
43,Maré,Comadre Florzinha,Comadre Florzinha,1999,"Maré
Comadre Florzinha
Comadre Florzinha
1999",brazilian indie,0.715,0.597,207560,0,https://open.spotify.com/track/6wIdjIf4Eg43xWzm6zivNk,https://i.scdn.co/image/ab67616d0000b273c13ac6332357afcb10ff2139,https://i.scdn.co/image/ab67616d0000b273c13ac6332357afcb10ff2139,44,long_term
44,Supera - Ao Vivo,Pagode do Pericão (Ao Vivo),Péricles,2019,"Supera - Ao Vivo
Péricles
Pagode do Pericão (Ao Vivo)
2019",pagode,0.696,0.556,232279,0,https://open.spotify.com/track/0h9xMQP3ctuibd4Ce2037O,https://i.scdn.co/image/ab6761610000e5eb954f97eb8ee21ca812df09af,https://i.scdn.co/image/ab67616d0000b273a6de6a4bebf0f2f11dd4abc9,45,long_term
45,Estar Com Você,Essa É a Nossa Música,Ponto De Equilíbrio,2016,"Estar Com Você
Ponto De Equilíbrio
Essa É a Nossa Música
2016",brazilian hip hop,0.716,0.678,232771,0,https://open.spotify.com/track/7vr4COpQ4Q8TnVDHBzdG8i,https://i.scdn.co/image/ab6761610000e5eb346cd74e3a12f49529384300,https://i.scdn.co/image/ab67616d0000b2739de411641dc37eac2bf6d191,46,long_term
46,Esqueça-Me Se For Capaz,Festa das Patroas 35%,Marília Mendonça,2021,"Esqueça-Me Se For Capaz
Marília Mendonça
Festa das Patroas 35%
2021",arrocha,0.623,0.799,169059,0,https://open.spotify.com/track/4qsOrxBv09HhNSpsgMRXdC,https://i.scdn.co/image/ab6761610000e5eb178a83212c7e82d1389cb76a,https://i.scdn.co/image/ab67616d0000b2734ed454af2f9a6719f4155241,47,long_term
47,Se Você Se For / Música Incidental: Máscara Negra,Cada Cabeca É Um Mundo,Timbalada,1995,"Se Você Se For / Música Incidental: Máscara Negra
Timbalada
Cada Cabeca É Um Mundo
1995",axe,0.938,0.663,193240,1,https://open.spotify.com/track/2CTXp8oxU72GfC26c8Xtpr,https://i.scdn.co/image/ab6761610000e5eb46b1768eee836c2ad096f0ed,https://i.scdn.co/image/ab67616d0000b273b218c52cea3e45771a5001ee,48,long_term
48,Nossa Dança,Martins,Martins,2019,"Nossa Dança
Martins
Martins
2019",nova mpb,0.658,0.637,196151,0,https://open.spotify.com/track/1WWqQ0oymrvrxYznz3lVkY,https://i.scdn.co/image/ab6761610000e5ebc3e5d00477e8eab2116c814d,https://i.scdn.co/image/ab67616d0000b273f2da5945e1e98ee0951dcb85,49,long_term
49,Corneteiro Luís,ATO 3: América do Sol,BaianaSystem,2021,"Corneteiro Luís
BaianaSystem
ATO 3: América do Sol
2021",afrobeat brasileiro,0.836,0.762,219747,0,https://open.spotify.com/track/058beKosGKglMtEQ3sZwq6,https://i.scdn.co/image/ab6761610000e5ebac291f376ca791339f922209,https://i.scdn.co/image/ab67616d0000b2738e45823abb0bfe0565b31ae8,50,long_term
0,Manga,Manga,Mayra Andrade,2019,"Manga
Mayra Andrade
Manga
2019",afropop,0.533,0.718,170413,1,https://open.spotify.com/track/1Iod4fjYd6TTXw9DI6nHpB,https://i.scdn.co/image/ab6761610000e5eb1363702b40ba564dbf5d73f1,https://i.scdn.co/image/ab67616d0000b273c713da96e0d91dfb91b017b7,1,medium_term
1,Matilda,Harry's House,Harry Styles,2022,"Matilda
Harry Styles
Harry's House
2022",pop,0.386,0.507,245964,1,https://open.spotify.com/track/6uvh0In7u1Xn4HgxOfAn8O,https://i.scdn.co/image/ab6761610000e5ebf7db7c8ede90a019c54590bb,https://i.scdn.co/image/ab67616d0000b2732e8ed79e177ff6011076f5f0,2,medium_term
2,Guia de um Amor Cego,Fim das Tentativas,Rico Dalasam,2022,"Guia de um Amor Cego
Rico Dalasam
Fim das Tentativas
2022",funk carioca,0.176,0.45,178333,0,https://open.spotify.com/track/4Xo05O1m4cTUzz6EuZtNXQ,https://i.scdn.co/image/ab6761610000e5eb1c158f22fb79ffd6a891fb18,https://i.scdn.co/image/ab67616d0000b2739f5c0117caef564df083a679,3,medium_term
3,ABC (feat. Sophia Black),ABC (feat. Sophia Black),Polyphia,2022,"ABC (feat. Sophia Black)
Polyphia
ABC (feat. Sophia Black)
2022",instrumental rock,0.75,0.681,152361,0,https://open.spotify.com/track/7D4lgMbSs10AQ0zX3ZldJc,https://i.scdn.co/image/ab6761610000e5ebdd353edbce04267bff979de6,https://i.scdn.co/image/ab67616d0000b27347cb006fe3d52d643c57e978,4,medium_term
4,Afeto,Manga,Mayra Andrade,2019,"Afeto
Mayra Andrade
Manga
2019",afropop,0.875,0.83,264413,0,https://open.spotify.com/track/6Y9ajxGefBUK9pMbT0C8gv,https://i.scdn.co/image/ab6761610000e5eb1363702b40ba564dbf5d73f1,https://i.scdn.co/image/ab67616d0000b273c713da96e0d91dfb91b017b7,5,medium_term
5,Go To Town,Amala,Doja Cat,2018,"Go To Town
Doja Cat
Amala
2018",dance pop,0.7,0.71,217813,1,https://open.spotify.com/track/6iOvnACn4ChlAw4lWUU4dd,https://i.scdn.co/image/ab6761610000e5eb727a2ac15afe659be999beba,https://i.scdn.co/image/ab67616d0000b273c42f6b7b41537a5fae06840a,6,medium_term
6,Late Night Talking,Harry's House,Harry Styles,2022,"Late Night Talking
Harry Styles
Harry's House
2022",pop,0.901,0.714,177955,1,https://open.spotify.com/track/1qEmFfgcLObUfQm0j1W2CK,https://i.scdn.co/image/ab6761610000e5ebf7db7c8ede90a019c54590bb,https://i.scdn.co/image/ab67616d0000b2732e8ed79e177ff6011076f5f0,7,medium_term
7,Minha Festa,Nelson Cavaquinho,Nelson Cavaquinho,1973,"Minha Festa
Nelson Cavaquinho
Nelson Cavaquinho
1973",bossa nova,0.928,0.527,143120,0,https://open.spotify.com/track/3WxzMN4tMdyPotUYolFRa3,https://i.scdn.co/image/ab67616d0000b2735ad9cb26071a154a467d49fa,https://i.scdn.co/image/ab67616d0000b2735ad9cb26071a154a467d49fa,8,medium_term
8,Abololô,Quem Sabe Isso Quer Dizer Amor,Maria Gadú,2021,"Abololô
Maria Gadú
Quem Sabe Isso Quer Dizer Amor
2021",mpb,0.137,0.744,119425,1,https://open.spotify.com/track/2rQkcoQkwIx8vt8HFbHIbG,https://i.scdn.co/image/ab6761610000e5eb2ac4d8d36593ae9d03393b1d,https://i.scdn.co/image/ab67616d0000b273d02d9b2a7f98a6ce56074043,9,medium_term
9,Te Amo Demais,"Decretos Reais, Vol.1",Marília Mendonça,2022,"Te Amo Demais
Marília Mendonça
Decretos Reais, Vol.1
2022",arrocha,0.687,0.713,205685,1,https://open.spotify.com/track/4xxeEWGQNFQ6qehlnev5LS,https://i.scdn.co/image/ab6761610000e5eb178a83212c7e82d1389cb76a,https://i.scdn.co/image/ab67616d0000b27333aa5241a4a528c0d1265e66,10,medium_term
10,melhor sozinha :-)-:,melhor sozinha :-)-:,Luísa Sonza,2021,"melhor sozinha :-)-:
Luísa Sonza
melhor sozinha :-)-:
2021",funk carioca,0.299,0.65,227216,0,https://open.spotify.com/track/0gpZ8zy9OAE98nNBVIxWvi,https://i.scdn.co/image/ab6761610000e5eb0868e40af63067661b9d9e2f,https://i.scdn.co/image/ab67616d0000b2733bf35d9543186a44cf6c5c7a,11,medium_term
11,Lembra,Digo Ou Não Digo,João Gomes,2022,"Lembra
João Gomes
Digo Ou Não Digo
2022",arrocha,0.873,0.569,154038,1,https://open.spotify.com/track/1R0OMRM1X2x4XrCAFt4KWG,https://i.scdn.co/image/ab6761610000e5eba049e2ddde0128bbdf16afc7,https://i.scdn.co/image/ab67616d0000b273413c4cf1815fa88b5643dac4,12,medium_term
12,Yellow,Parachutes,Coldplay,2000,"Yellow
Coldplay
Parachutes
2000",permanent wave,0.285,0.429,266773,1,https://open.spotify.com/track/3AJwUDP919kvQ9QcozQPxg,https://i.scdn.co/image/ab6761610000e5eb989ed05e1f0570cc4726c2d3,https://i.scdn.co/image/ab67616d0000b2733d92b2ad5af9fbc8637425f0,13,medium_term
13,As It Was,Harry's House,Harry Styles,2022,"As It Was
Harry Styles
Harry's House
2022",pop,0.662,0.52,167303,0,https://open.spotify.com/track/4Dvkj6JhhA12EX05fT7y2e,https://i.scdn.co/image/ab6761610000e5ebf7db7c8ede90a019c54590bb,https://i.scdn.co/image/ab67616d0000b2732e8ed79e177ff6011076f5f0,14,medium_term
14,Um Dia Eu Te Levo Comigo,Live In London - At The Royal Albert Hall,Jorge & Mateus,2013,"Um Dia Eu Te Levo Comigo
Jorge & Mateus
Live In London - At The Royal Albert Hall
2013",arrocha,0.601,0.589,203480,1,https://open.spotify.com/track/2QggnWfD3RoavuaD5QlUJa,https://i.scdn.co/image/ab6761610000e5eb1df3e178779c6a9bf8303719,https://i.scdn.co/image/ab67616d0000b273f309fd627992941ef663eb7a,15,medium_term
15,Washing Machine Heart,Be the Cowboy,Mitski,2018,"Washing Machine Heart
Mitski
Be the Cowboy
2018",brooklyn indie,0.567,0.613,128199,1,https://open.spotify.com/track/3jjsRKEsF42ccXf8kWR3nu,https://i.scdn.co/image/ab6761610000e5ebafb309e27fdb45e093958f9c,https://i.scdn.co/image/ab67616d0000b273c428f67b4a9b7e1114dfc117,16,medium_term
16,Dengo,Digo Ou Não Digo,João Gomes,2022,"Dengo
João Gomes
Digo Ou Não Digo
2022",arrocha,0.87,0.646,153958,1,https://open.spotify.com/track/6Ulh9GPYz6JKdv04qc3q2U,https://i.scdn.co/image/ab6761610000e5eba049e2ddde0128bbdf16afc7,https://i.scdn.co/image/ab67616d0000b273413c4cf1815fa88b5643dac4,17,medium_term
17,Music For a Sushi Restaurant,Harry's House,Harry Styles,2022,"Music For a Sushi Restaurant
Harry Styles
Harry's House
2022",pop,0.357,0.72,193813,1,https://open.spotify.com/track/5LYMamLv12UPbemOaTPyeV,https://i.scdn.co/image/ab6761610000e5ebf7db7c8ede90a019c54590bb,https://i.scdn.co/image/ab67616d0000b2732e8ed79e177ff6011076f5f0,18,medium_term
18,Yoko,Violeta,Terno Rei,2019,"Yoko
Terno Rei
Violeta
2019",brazilian rock,0.355,0.655,225000,1,https://open.spotify.com/track/6OUoBmIdoDK14RoE5nWlCC,https://i.scdn.co/image/ab6761610000e5eb5b50950f4987d00ae9a9215d,https://i.scdn.co/image/ab67616d0000b27342486337c11ac28cbd7e9ae3,19,medium_term
19,Daylight,Harry's House,Harry Styles,2022,"Daylight
Harry Styles
Harry's House
2022",pop,0.626,0.686,164533,1,https://open.spotify.com/track/51Zw1cKDgkad0CXv23HCMU,https://i.scdn.co/image/ab6761610000e5ebf7db7c8ede90a019c54590bb,https://i.scdn.co/image/ab67616d0000b2732e8ed79e177ff6011076f5f0,20,medium_term
20,Desculpe Morena,Coco de Toré,Pandeiro do Mestre,2006,"Desculpe Morena
Pandeiro do Mestre
Coco de Toré
2006",capoeira,0.446,0.708,136093,1,https://open.spotify.com/track/64zntPvnR9gagYQL2KQj3m,https://i.scdn.co/image/ab67616d0000b2735641342e36494be0a0edeac2,https://i.scdn.co/image/ab67616d0000b2735641342e36494be0a0edeac2,21,medium_term
21,Um Sonhador / Não Precisa / Não Aprendi A Dizer Adeus - Ao Vivo,Raiz (Ao Vivo),Lauana Prado,2022,"Um Sonhador / Não Precisa / Não Aprendi A Dizer Adeus - Ao Vivo
Lauana Prado
Raiz (Ao Vivo)
2022",sertanejo,0.599,0.46,276096,1,https://open.spotify.com/track/42cdiwjkfYVjI8JtAQwsG5,https://i.scdn.co/image/ab6761610000e5eb9952674ecdb2f32781182faf,https://i.scdn.co/image/ab67616d0000b2731bbf55402ec03da1d721de82,22,medium_term
22,Cinema,Harry's House,Harry Styles,2022,"Cinema
Harry Styles
Harry's House
2022",pop,0.896,0.829,243508,0,https://open.spotify.com/track/35TyJIMR3xRouUuo2sjS6v,https://i.scdn.co/image/ab6761610000e5ebf7db7c8ede90a019c54590bb,https://i.scdn.co/image/ab67616d0000b2732e8ed79e177ff6011076f5f0,23,medium_term
23,Little Freak,Harry's House,Harry Styles,2022,"Little Freak
Harry Styles
Harry's House
2022",pop,0.402,0.559,202183,1,https://open.spotify.com/track/3i058E8uxTsYqJ5NWZzqSj,https://i.scdn.co/image/ab6761610000e5ebf7db7c8ede90a019c54590bb,https://i.scdn.co/image/ab67616d0000b2732e8ed79e177ff6011076f5f0,24,medium_term
24,As It Was,As It Was,Harry Styles,2022,"As It Was
Harry Styles
As It Was
2022",pop,0.662,0.52,167303,0,https://open.spotify.com/track/4LRPiXqCikLlN15c3yImP7,https://i.scdn.co/image/ab6761610000e5ebf7db7c8ede90a019c54590bb,https://i.scdn.co/image/ab67616d0000b273b46f74097655d7f353caab14,25,medium_term
25,Grapejuice,Harry's House,Harry Styles,2022,"Grapejuice
Harry Styles
Harry's House
2022",pop,0.88,0.645,191959,1,https://open.spotify.com/track/4j6kId9QIqhoXvqHKgSKa0,https://i.scdn.co/image/ab6761610000e5ebf7db7c8ede90a019c54590bb,https://i.scdn.co/image/ab67616d0000b2732e8ed79e177ff6011076f5f0,26,medium_term
26,DESCOBRIDOR,MEMÓRIAS (de onde eu nunca fui),Lagum,2021,"DESCOBRIDOR
Lagum
MEMÓRIAS (de onde eu nunca fui)
2021",belo horizonte indie,0.572,0.617,188519,0,https://open.spotify.com/track/2pg5jMIT8VlxYnwWFff9UT,https://i.scdn.co/image/ab6761610000e5eb3e88d7bb247be86ce78edb77,https://i.scdn.co/image/ab67616d0000b27351686d809de14a6d5b270eec,27,medium_term
27,Lovezinho,Lovezinho,Rachel Reis,2022,"Lovezinho
Rachel Reis
Lovezinho
2022",musica baiana,0.672,0.673,159202,1,https://open.spotify.com/track/7iHXEw8MixfAK0PGTcihAN,https://i.scdn.co/image/ab6761610000e5eb2b133c6aa2548dd13d5031e7,https://i.scdn.co/image/ab67616d0000b273733d3938423590063cd7c01a,28,medium_term
28,you,Sad Romance,CKay,2022,"you
CKay
Sad Romance
2022",afro r&b,0.235,0.701,175504,1,https://open.spotify.com/track/4yEBIww3wVoiT7A5v9kQj1,https://i.scdn.co/image/ab6761610000e5eb45e556a721580ac0bc7b45bb,https://i.scdn.co/image/ab67616d0000b2737c0291bb73b4552f914d0c33,29,medium_term
29,Digo Ou Não Digo,Digo Ou Não Digo,João Gomes,2022,"Digo Ou Não Digo
João Gomes
Digo Ou Não Digo
2022",arrocha,0.886,0.663,182000,1,https://open.spotify.com/track/0p5QJ6nbkeKlNmrXzG8mF0,https://i.scdn.co/image/ab6761610000e5eba049e2ddde0128bbdf16afc7,https://i.scdn.co/image/ab67616d0000b273413c4cf1815fa88b5643dac4,30,medium_term
30,Estar Com Você,Essa É a Nossa Música,Ponto De Equilíbrio,2016,"Estar Com Você
Ponto De Equilíbrio
Essa É a Nossa Música
2016",brazilian hip hop,0.716,0.678,232771,0,https://open.spotify.com/track/7vr4COpQ4Q8TnVDHBzdG8i,https://i.scdn.co/image/ab6761610000e5eb346cd74e3a12f49529384300,https://i.scdn.co/image/ab67616d0000b2739de411641dc37eac2bf6d191,31,medium_term
31,Viramundo,Louvação,Gilberto Gil,1967,"Viramundo
Gilberto Gil
Louvação
1967",bossa nova,0.961,0.706,139107,1,https://open.spotify.com/track/2EephBZC9PMxPr9ynHLQnQ,https://i.scdn.co/image/ab6761610000e5eb03b2a5ceda2ab12bfaa3b5ed,https://i.scdn.co/image/ab67616d0000b273c541f846ad3cc041b5ed1bf3,32,medium_term
32,enquanto recomeça,Roteiro pra Aïnouz (Vol. 2),Don L,2021,"enquanto recomeça
Don L
Roteiro pra Aïnouz (Vol. 2)
2021",brazilian hip hop,0.214,0.686,187504,0,https://open.spotify.com/track/0udrtBC4E19RBX33bdQPLo,https://i.scdn.co/image/ab6761610000e5ebfd2973d1223ebefb570f32f4,https://i.scdn.co/image/ab67616d0000b2730052784c6ce6f843c97fb724,33,medium_term
33,Que Tal um Samba?,Que Tal um Samba?,Chico Buarque,2022,"Que Tal um Samba?
Chico Buarque
Que Tal um Samba?
2022",bossa nova,0.593,0.774,218951,1,https://open.spotify.com/track/6XqbqeZl7YwPLcWsp8sLOk,https://i.scdn.co/image/ab6761610000e5eb3a4e279a12cc91aab8eef733,https://i.scdn.co/image/ab67616d0000b2730ea96ea28f00cbc9856c9eee,34,medium_term
34,Me and My Husband,Be the Cowboy,Mitski,2018,"Me and My Husband
Mitski
Be the Cowboy
2018",brooklyn indie,0.77,0.497,137142,1,https://open.spotify.com/track/3pANfZVFdtuVnJsE6xa5Ox,https://i.scdn.co/image/ab6761610000e5ebafb309e27fdb45e093958f9c,https://i.scdn.co/image/ab67616d0000b273c428f67b4a9b7e1114dfc117,35,medium_term
35,Um Dia Te Levo Comigo / Efeitos / Romance - Ao Vivo,Raiz (Ao Vivo),Lauana Prado,2022,"Um Dia Te Levo Comigo / Efeitos / Romance - Ao Vivo
Lauana Prado
Raiz (Ao Vivo)
2022",sertanejo,0.497,0.706,275019,1,https://open.spotify.com/track/4Ef9evp0UgIRMvO1MgtBHK,https://i.scdn.co/image/ab6761610000e5eb9952674ecdb2f32781182faf,https://i.scdn.co/image/ab67616d0000b2731bbf55402ec03da1d721de82,36,medium_term
36,Estar Com Você - Ao Vivo,Juntos Somos Fortes (Ao Vivo),Ponto De Equilíbrio,2013,"Estar Com Você - Ao Vivo
Ponto De Equilíbrio
Juntos Somos Fortes (Ao Vivo)
2013",brazilian hip hop,0.672,0.81,257267,0,https://open.spotify.com/track/0CjxAXmWH4xvBD8lDoVYjE,https://i.scdn.co/image/ab6761610000e5eb346cd74e3a12f49529384300,https://i.scdn.co/image/ab67616d0000b2736a9593fc1e5a4485f9e99a9e,37,medium_term
37,Feriado Nacional - Ao Vivo,Acústico - Ao Vivo,Bruno & Marrone,2001,"Feriado Nacional - Ao Vivo
Bruno & Marrone
Acústico - Ao Vivo
2001",pagode,0.877,0.61,170667,1,https://open.spotify.com/track/6r82mJugUyDe1fI8waZDtZ,https://i.scdn.co/image/ab6761610000e5ebbb76e357a834654e45e76f1f,https://i.scdn.co/image/ab67616d0000b2739ce10bf887848831c83ec215,38,medium_term
38,Sendo Assim / Muito Estranho (Cuida Bem de Mim),"Decretos Reais, Vol.1",Marília Mendonça,2022,"Sendo Assim / Muito Estranho (Cuida Bem de Mim)
Marília Mendonça
Decretos Reais, Vol.1
2022",arrocha,0.733,0.667,311435,0,https://open.spotify.com/track/3vP4dkFp5iHDuKDdLOJJZb,https://i.scdn.co/image/ab6761610000e5eb178a83212c7e82d1389cb76a,https://i.scdn.co/image/ab67616d0000b27333aa5241a4a528c0d1265e66,39,medium_term
39,Still into You,Paramore,Paramore,2013,"Still into You
Paramore
Paramore
2013",candy pop,0.765,0.602,216013,1,https://open.spotify.com/track/1yjY7rpaAQvKwpdUliHx0d,https://i.scdn.co/image/ab6761610000e5ebb10c34546a4ca2d7faeb8865,https://i.scdn.co/image/ab67616d0000b273532033d0d90736f661c13d35,40,medium_term
40,Ainda É Tempo Pra Ser Feliz,Mtv Ao Vivo Arlindo Cruz - Cd 1,Arlindo Cruz,2009,"Ainda É Tempo Pra Ser Feliz
Arlindo Cruz
Mtv Ao Vivo Arlindo Cruz - Cd 1
2009",pagode,0.519,0.481,267880,0,https://open.spotify.com/track/4x846NsuIJW6tSxXgL7EWc,https://i.scdn.co/image/ab6761610000e5eb181873f93056642d7b340839,https://i.scdn.co/image/ab67616d0000b273f55f6c2da30c091efe767926,41,medium_term
41,Dia Lindo,Violeta,Terno Rei,2019,"Dia Lindo
Terno Rei
Violeta
2019",brazilian rock,0.309,0.634,110347,1,https://open.spotify.com/track/0zG0LzLbVueZll4drMFPgz,https://i.scdn.co/image/ab6761610000e5eb5b50950f4987d00ae9a9215d,https://i.scdn.co/image/ab67616d0000b27342486337c11ac28cbd7e9ae3,42,medium_term
42,Bad Romance,The Fame Monster (Deluxe Edition),Lady Gaga,2009,"Bad Romance
Lady Gaga
The Fame Monster (Deluxe Edition)
2009",art pop,0.714,0.696,294573,1,https://open.spotify.com/track/0SiywuOBRcynK0uKGWdCnn,https://i.scdn.co/image/ab6761610000e5ebc8d3d98a1bccbe71393dbfbf,https://i.scdn.co/image/ab67616d0000b2735c9890c0456a3719eeecd8aa,43,medium_term
43,Leão,Zodíaco,Xamã,2020,"Leão
Xamã
Zodíaco
2020",brazilian hip hop,0.284,0.685,195692,1,https://open.spotify.com/track/2J1ypgIAzXp75ekOrTtYkC,https://i.scdn.co/image/ab6761610000e5eb65753eefaef7b319fd102bfb,https://i.scdn.co/image/ab67616d0000b2731ad875ebbdd67f6bb50514b5,44,medium_term
44,Deus Cuida de Mim,Deus Cuida de Mim,Caetano Veloso,2022,"Deus Cuida de Mim
Caetano Veloso
Deus Cuida de Mim
2022",bossa nova,0.42,0.67,224486,1,https://open.spotify.com/track/1oA2BvYw6lWg4MxM4ALmyG,https://i.scdn.co/image/ab6761610000e5ebe98de50f36cf1aa4bf047757,https://i.scdn.co/image/ab67616d0000b273ae0f9afe001a868d92c80786,45,medium_term
45,ESSÊNCIA DE CRIA,LITTLE HAIR,MC Cabelinho,2021,"ESSÊNCIA DE CRIA
MC Cabelinho
LITTLE HAIR
2021",funk carioca,0.766,0.631,192194,0,https://open.spotify.com/track/1iaPDgTbsKrlznVu13EWIf,https://i.scdn.co/image/ab6761610000e5eb90c81e9a4377d70b4da741e2,https://i.scdn.co/image/ab67616d0000b2734f90d64d24d84a45e823c76e,46,medium_term
46,Coisas Dentro das Coisas,Pausa,5 a Seco,2019,"Coisas Dentro das Coisas
5 a Seco
Pausa
2019",nova mpb,0.486,0.391,180947,0,https://open.spotify.com/track/3Bnvv3wAKD7qftV4uHA8GG,https://i.scdn.co/image/ab6761610000e5ebf67c8f80d23604eb1eaa4b96,https://i.scdn.co/image/ab67616d0000b27306946ccfedf0408d1d282c10,47,medium_term
47,Por um Minuto (Por un Minuto) - Ao Vivo,Acústico - Ao Vivo,Bruno & Marrone,2001,"Por um Minuto (Por un Minuto) - Ao Vivo
Bruno & Marrone
Acústico - Ao Vivo
2001",pagode,0.383,0.624,286733,1,https://open.spotify.com/track/2UDG7xlSeJ51V5PJpJGcup,https://i.scdn.co/image/ab6761610000e5ebbb76e357a834654e45e76f1f,https://i.scdn.co/image/ab67616d0000b2739ce10bf887848831c83ec215,48,medium_term
48,Nobody,Be the Cowboy,Mitski,2018,"Nobody
Mitski
Be the Cowboy
2018",brooklyn indie,0.487,0.398,193429,1,https://open.spotify.com/track/2P5yIMu2DNeMXTyOANKS6k,https://i.scdn.co/image/ab6761610000e5ebafb309e27fdb45e093958f9c,https://i.scdn.co/image/ab67616d0000b273c428f67b4a9b7e1114dfc117,49,medium_term
49,A Maior Saudade - Ao Vivo,A Maior Saudade (Ao Vivo),Henrique & Juliano,2021,"A Maior Saudade - Ao Vivo
Henrique & Juliano
A Maior Saudade (Ao Vivo)
2021",arrocha,0.305,0.292,190162,1,https://open.spotify.com/track/5Q0ZnQjk4lQpScX7ujswun,https://i.scdn.co/image/ab6761610000e5eb3f3fa33960346d34155cc631,https://i.scdn.co/image/ab67616d0000b2735eccbd7a67763d28a70ae92c,50,medium_term
0,Washing Machine Heart,Be the Cowboy,Mitski,2018,"Washing Machine Heart
Mitski
Be the Cowboy
2018",brooklyn indie,0.567,0.613,128199,1,https://open.spotify.com/track/3jjsRKEsF42ccXf8kWR3nu,https://i.scdn.co/image/ab6761610000e5ebafb309e27fdb45e093958f9c,https://i.scdn.co/image/ab67616d0000b273c428f67b4a9b7e1114dfc117,1,short_term
1,Me and My Husband,Be the Cowboy,Mitski,2018,"Me and My Husband
Mitski
Be the Cowboy
2018",brooklyn indie,0.77,0.497,137142,1,https://open.spotify.com/track/3pANfZVFdtuVnJsE6xa5Ox,https://i.scdn.co/image/ab6761610000e5ebafb309e27fdb45e093958f9c,https://i.scdn.co/image/ab67616d0000b273c428f67b4a9b7e1114dfc117,2,short_term
2,Deus Cuida de Mim,Deus Cuida de Mim,Caetano Veloso,2022,"Deus Cuida de Mim
Caetano Veloso
Deus Cuida de Mim
2022",bossa nova,0.42,0.67,224486,1,https://open.spotify.com/track/1oA2BvYw6lWg4MxM4ALmyG,https://i.scdn.co/image/ab6761610000e5ebe98de50f36cf1aa4bf047757,https://i.scdn.co/image/ab67616d0000b273ae0f9afe001a868d92c80786,3,short_term
3,Nobody,Be the Cowboy,Mitski,2018,"Nobody
Mitski
Be the Cowboy
2018",brooklyn indie,0.487,0.398,193429,1,https://open.spotify.com/track/2P5yIMu2DNeMXTyOANKS6k,https://i.scdn.co/image/ab6761610000e5ebafb309e27fdb45e093958f9c,https://i.scdn.co/image/ab67616d0000b273c428f67b4a9b7e1114dfc117,4,short_term
4,Playing God,Brand New Eyes,Paramore,2009,"Playing God
Paramore
Brand New Eyes
2009",candy pop,0.626,0.583,182800,0,https://open.spotify.com/track/7hInOqJnlEayXao08yVYAn,https://i.scdn.co/image/ab6761610000e5ebb10c34546a4ca2d7faeb8865,https://i.scdn.co/image/ab67616d0000b273e01d7d558032457b0e4883f6,5,short_term
5,Leão,Zodíaco,Xamã,2020,"Leão
Xamã
Zodíaco
2020",brazilian hip hop,0.284,0.685,195692,1,https://open.spotify.com/track/2J1ypgIAzXp75ekOrTtYkC,https://i.scdn.co/image/ab6761610000e5eb65753eefaef7b319fd102bfb,https://i.scdn.co/image/ab67616d0000b2731ad875ebbdd67f6bb50514b5,6,short_term
6,A Pearl,Be the Cowboy,Mitski,2018,"A Pearl
Mitski
Be the Cowboy
2018",brooklyn indie,0.221,0.295,156146,1,https://open.spotify.com/track/7fd3aMiuwHWKsTdZafjOfZ,https://i.scdn.co/image/ab6761610000e5ebafb309e27fdb45e093958f9c,https://i.scdn.co/image/ab67616d0000b273c428f67b4a9b7e1114dfc117,7,short_term
7,Oya,Ainda Bem Que Eu Segui as Batidas do Meu Coração,Rael,2013,"Oya
Rael
Ainda Bem Que Eu Segui as Batidas do Meu Coração
2013",brazilian hip hop,0.707,0.663,283187,0,https://open.spotify.com/track/06onNxNKU1axuJwSMoVq3F,https://i.scdn.co/image/ab6761610000e5eb07ad487b4793d8c7929f8289,https://i.scdn.co/image/ab67616d0000b27307749f95d6bae48415715351,8,short_term
8,Francis Forever,Bury Me At Makeout Creek,Mitski,2014,"Francis Forever
Mitski
Bury Me At Makeout Creek
2014",brooklyn indie,0.32,0.535,149680,1,https://open.spotify.com/track/5411TEB6tlzvuF5A4oyldr,https://i.scdn.co/image/ab6761610000e5ebafb309e27fdb45e093958f9c,https://i.scdn.co/image/ab67616d0000b273e90db8983ebd43b776694179,9,short_term
9,Still into You,Paramore,Paramore,2013,"Still into You
Paramore
Paramore
2013",candy pop,0.765,0.602,216013,1,https://open.spotify.com/track/1yjY7rpaAQvKwpdUliHx0d,https://i.scdn.co/image/ab6761610000e5ebb10c34546a4ca2d7faeb8865,https://i.scdn.co/image/ab67616d0000b273532033d0d90736f661c13d35,10,short_term
10,First Love / Late Spring,Bury Me At Makeout Creek,Mitski,2014,"First Love / Late Spring
Mitski
Bury Me At Makeout Creek
2014",brooklyn indie,0.102,0.445,278640,1,https://open.spotify.com/track/3sslYZcFKtUvIEWN9lADgr,https://i.scdn.co/image/ab6761610000e5ebafb309e27fdb45e093958f9c,https://i.scdn.co/image/ab67616d0000b273e90db8983ebd43b776694179,11,short_term
11,A Nível De...,Comissão De Frente,João Bosco,1982,"A Nível De...
João Bosco
Comissão De Frente
1982",bossa nova,0.741,0.632,220067,0,https://open.spotify.com/track/6XqBNBCqLypx0rubKLtkcC,https://i.scdn.co/image/ab6761610000e5ebe700714015500c6eb76fc63d,https://i.scdn.co/image/ab67616d0000b273062b05b99456b8a1166a3282,12,short_term
12,Fantasmas,Gado,Froid,2022,"Fantasmas
Froid
Gado
2022",brazilian hip hop,0.675,0.717,259712,0,https://open.spotify.com/track/71jsF4OHVO3PgAHrD2d9u5,https://i.scdn.co/image/ab6761610000e5eb45efb48b28392466e35f1056,https://i.scdn.co/image/ab67616d0000b273c9bcc09953df807a5c4303c3,13,short_term
13,melhor sozinha :-)-:,melhor sozinha :-)-:,Luísa Sonza,2021,"melhor sozinha :-)-:
Luísa Sonza
melhor sozinha :-)-:
2021",funk carioca,0.299,0.65,227216,0,https://open.spotify.com/track/0gpZ8zy9OAE98nNBVIxWvi,https://i.scdn.co/image/ab6761610000e5eb0868e40af63067661b9d9e2f,https://i.scdn.co/image/ab67616d0000b2733bf35d9543186a44cf6c5c7a,14,short_term
14,Lust For Life (with The Weeknd),Lust For Life,Lana Del Rey,2017,"Lust For Life (with The Weeknd)
Lana Del Rey
Lust For Life
2017",art pop,0.262,0.504,264066,0,https://open.spotify.com/track/0mt02gJ425Xjm7c3jYkOBn,https://i.scdn.co/image/ab6761610000e5ebc5903678d3db18e271e42be0,https://i.scdn.co/image/ab67616d0000b27395e2fd1accb339fa14878190,15,short_term
15,Coisas Dentro das Coisas,Pausa,5 a Seco,2019,"Coisas Dentro das Coisas
5 a Seco
Pausa
2019",nova mpb,0.486,0.391,180947,0,https://open.spotify.com/track/3Bnvv3wAKD7qftV4uHA8GG,https://i.scdn.co/image/ab6761610000e5ebf67c8f80d23604eb1eaa4b96,https://i.scdn.co/image/ab67616d0000b27306946ccfedf0408d1d282c10,16,short_term
16,enquanto recomeça,Roteiro pra Aïnouz (Vol. 2),Don L,2021,"enquanto recomeça
Don L
Roteiro pra Aïnouz (Vol. 2)
2021",brazilian hip hop,0.214,0.686,187504,0,https://open.spotify.com/track/0udrtBC4E19RBX33bdQPLo,https://i.scdn.co/image/ab6761610000e5ebfd2973d1223ebefb570f32f4,https://i.scdn.co/image/ab67616d0000b2730052784c6ce6f843c97fb724,17,short_term
17,Manga,Manga,Mayra Andrade,2019,"Manga
Mayra Andrade
Manga
2019",afropop,0.533,0.718,170413,1,https://open.spotify.com/track/1Iod4fjYd6TTXw9DI6nHpB,https://i.scdn.co/image/ab6761610000e5eb1363702b40ba564dbf5d73f1,https://i.scdn.co/image/ab67616d0000b273c713da96e0d91dfb91b017b7,18,short_term
18,Continuação de um sonho,ICARUS,BK,2022,"Continuação de um sonho
BK
ICARUS
2022",brazilian hip hop,0.377,0.697,205691,1,https://open.spotify.com/track/1L1yQkU69NiYAC2oFqft90,https://i.scdn.co/image/ab6761610000e5eb8d9d1f5920652fc8c6d359a7,https://i.scdn.co/image/ab67616d0000b2737b2dba12da4b7f8e18cba810,19,short_term
19,I Bet on Losing Dogs,Puberty 2,Mitski,2016,"I Bet on Losing Dogs
Mitski
Puberty 2
2016",brooklyn indie,0.412,0.398,170240,1,https://open.spotify.com/track/2Co0IjcLTSHMtodwD4gzfg,https://i.scdn.co/image/ab6761610000e5ebafb309e27fdb45e093958f9c,https://i.scdn.co/image/ab67616d0000b27329eb9ad9b9af34bbb54eb053,20,short_term
20,Love Proceeding,Talk Memory,BADBADNOTGOOD,2021,"Love Proceeding
BADBADNOTGOOD
Talk Memory
2021",alternative hip hop,0.584,0.318,325829,0,https://open.spotify.com/track/5F8XPD481L6K2s8h02Vxuo,https://i.scdn.co/image/ab6761610000e5eb61d28b161209f1ee239fdafa,https://i.scdn.co/image/ab67616d0000b2738953ebcbd40186343ae9be8b,21,short_term
21,Afeto,Manga,Mayra Andrade,2019,"Afeto
Mayra Andrade
Manga
2019",afropop,0.875,0.83,264413,0,https://open.spotify.com/track/6Y9ajxGefBUK9pMbT0C8gv,https://i.scdn.co/image/ab6761610000e5eb1363702b40ba564dbf5d73f1,https://i.scdn.co/image/ab67616d0000b273c713da96e0d91dfb91b017b7,22,short_term
22,Estar Com Você,Essa É a Nossa Música,Ponto De Equilíbrio,2016,"Estar Com Você
Ponto De Equilíbrio
Essa É a Nossa Música
2016",brazilian hip hop,0.716,0.678,232771,0,https://open.spotify.com/track/7vr4COpQ4Q8TnVDHBzdG8i,https://i.scdn.co/image/ab6761610000e5eb346cd74e3a12f49529384300,https://i.scdn.co/image/ab67616d0000b2739de411641dc37eac2bf6d191,23,short_term
23,Não Quero Vingança - Spotify Singles,Não Quero Vingança - Spotify Singles,Emicida,2022,"Não Quero Vingança - Spotify Singles
Emicida
Não Quero Vingança - Spotify Singles
2022",afrofuturismo brasileiro,0.683,0.658,176920,1,https://open.spotify.com/track/4B4yZrE4D1ZTJF9c70wOMz,https://i.scdn.co/image/ab6761610000e5eb908b4b4bc90e1518b68b4068,https://i.scdn.co/image/ab67616d0000b27301187b1323371fdabf7a8915,24,short_term
24,She's Gone,Kaya,Bob Marley & The Wailers,1978,"She's Gone
Bob Marley & The Wailers
Kaya
1978",reggae,0.607,0.583,145773,0,https://open.spotify.com/track/6MFWhzNSsLdW3WtsuBZsOg,https://i.scdn.co/image/b5aae2067db80f694a980e596e7f49618c1206c9,https://i.scdn.co/image/ab67616d0000b273387799441ba867649dfbb702,25,short_term
25,Espelhos D'Água,Meus Momentos,Dalto,1996,"Espelhos D'Água
Dalto
Meus Momentos
1996",mpb,0.526,0.617,175800,0,https://open.spotify.com/track/2nPjqjeE2NnjPr1rkoi4kK,https://i.scdn.co/image/ab67616d0000b27365a3af841dcec7a074cea799,https://i.scdn.co/image/ab67616d0000b27386aec4e76eb8d7adf992b9f1,26,short_term
26,Guia de um Amor Cego,Fim das Tentativas,Rico Dalasam,2022,"Guia de um Amor Cego
Rico Dalasam
Fim das Tentativas
2022",funk carioca,0.176,0.45,178333,0,https://open.spotify.com/track/4Xo05O1m4cTUzz6EuZtNXQ,https://i.scdn.co/image/ab6761610000e5eb1c158f22fb79ffd6a891fb18,https://i.scdn.co/image/ab67616d0000b2739f5c0117caef564df083a679,27,short_term
27,Happier Than Ever,Happier Than Ever,ASTN,2021,"Happier Than Ever
ASTN
Happier Than Ever
2021",bedroom soul,0.266,0.667,109326,0,https://open.spotify.com/track/7es56D0QedGMsK39wl2yFX,https://i.scdn.co/image/ab6761610000e5eb14dd8ae42a0bc5e8a591a15f,https://i.scdn.co/image/ab67616d0000b273698c11528e14ba96af68f973,28,short_term
28,Graveto - Ao Vivo,"Pagode Do Pericão II, Pt. 2 (Ao Vivo)",Péricles,2022,"Graveto - Ao Vivo
Péricles
Pagode Do Pericão II, Pt. 2 (Ao Vivo)
2022",pagode,0.531,0.55,168166,1,https://open.spotify.com/track/7AZPao1jegnylQcnDfNBxl,https://i.scdn.co/image/ab6761610000e5eb954f97eb8ee21ca812df09af,https://i.scdn.co/image/ab67616d0000b273141a6a520b196069616fc596,29,short_term
29,Estar Com Você - Ao Vivo,Juntos Somos Fortes (Ao Vivo),Ponto De Equilíbrio,2013,"Estar Com Você - Ao Vivo
Ponto De Equilíbrio
Juntos Somos Fortes (Ao Vivo)
2013",brazilian hip hop,0.672,0.81,257267,0,https://open.spotify.com/track/0CjxAXmWH4xvBD8lDoVYjE,https://i.scdn.co/image/ab6761610000e5eb346cd74e3a12f49529384300,https://i.scdn.co/image/ab67616d0000b2736a9593fc1e5a4485f9e99a9e,30,short_term
30,O TEMPO É SUA MORADA :: celebrar,RASGACABEZA,"Francisco, el Hombre",2019,"O TEMPO É SUA MORADA :: celebrar
Francisco, el Hombre
RASGACABEZA
2019",brazilian rock,0.458,0.562,229933,0,https://open.spotify.com/track/1IF1IpJ8SnBDgHO5Nig0pD,https://i.scdn.co/image/ab6761610000e5eb08accadfe2d0715311a1da73,https://i.scdn.co/image/ab67616d0000b2731ec055fe384da59913676594,31,short_term
31,Late Night Talking,Harry's House,Harry Styles,2022,"Late Night Talking
Harry Styles
Harry's House
2022",pop,0.901,0.714,177955,1,https://open.spotify.com/track/1qEmFfgcLObUfQm0j1W2CK,https://i.scdn.co/image/ab6761610000e5ebf7db7c8ede90a019c54590bb,https://i.scdn.co/image/ab67616d0000b2732e8ed79e177ff6011076f5f0,32,short_term
32,As Coisas Tão Mais Lindas,Com Você ... Meu Mundo Ficaria Completo,Cássia Eller,1999,"As Coisas Tão Mais Lindas
Cássia Eller
Com Você ... Meu Mundo Ficaria Completo
1999",brazilian rock,0.469,0.506,219159,1,https://open.spotify.com/track/1uj3lytRg3W1CskYIrIsqp,https://i.scdn.co/image/ab6761610000e5eb173e5ef74a4a36decb5dc213,https://i.scdn.co/image/ab67616d0000b273b503cb2355164fd622cd30a2,33,short_term
33,Só me ligar,ICARUS,BK,2022,"Só me ligar
BK
ICARUS
2022",brazilian hip hop,0.561,0.809,193697,0,https://open.spotify.com/track/31ySVMbs7U8LOuy7w4McR9,https://i.scdn.co/image/ab6761610000e5eb8d9d1f5920652fc8c6d359a7,https://i.scdn.co/image/ab67616d0000b2737b2dba12da4b7f8e18cba810,34,short_term
34,Should've Been Me,Laurel Hell,Mitski,2022,"Should've Been Me
Mitski
Laurel Hell
2022",brooklyn indie,0.569,0.51,191775,0,https://open.spotify.com/track/5FQ9NDyx3KZXhovWWq4Gxo,https://i.scdn.co/image/ab6761610000e5ebafb309e27fdb45e093958f9c,https://i.scdn.co/image/ab67616d0000b273d8041a531487d0e0e4cfb41f,35,short_term
35,Foto armado,ICARUS,BK,2022,"Foto armado
BK
ICARUS
2022",brazilian hip hop,0.391,0.697,144543,1,https://open.spotify.com/track/6B9jl8ZF7qlrfioQOULLRF,https://i.scdn.co/image/ab6761610000e5eb8d9d1f5920652fc8c6d359a7,https://i.scdn.co/image/ab67616d0000b2737b2dba12da4b7f8e18cba810,36,short_term
36,Hoje Eu Quero Me Perder,Hoje Eu Quero Me Perder,Lagum,2020,"Hoje Eu Quero Me Perder
Lagum
Hoje Eu Quero Me Perder
2020",belo horizonte indie,0.662,0.804,173077,0,https://open.spotify.com/track/6ZUArSVO6hPj6e27tD3OyT,https://i.scdn.co/image/ab6761610000e5eb3e88d7bb247be86ce78edb77,https://i.scdn.co/image/ab67616d0000b273efa0bfcbd37289efee7ca086,37,short_term
37,Go To Town,Amala,Doja Cat,2018,"Go To Town
Doja Cat
Amala
2018",dance pop,0.7,0.71,217813,1,https://open.spotify.com/track/6iOvnACn4ChlAw4lWUU4dd,https://i.scdn.co/image/ab6761610000e5eb727a2ac15afe659be999beba,https://i.scdn.co/image/ab67616d0000b273c42f6b7b41537a5fae06840a,38,short_term
38,O que é o amor?,Bom Mesmo é Estar Debaixo D'Água Deluxe,Luedji Luna,2022,"O que é o amor?
Luedji Luna
Bom Mesmo é Estar Debaixo D'Água Deluxe
2022",afrofuturismo brasileiro,0.449,0.328,131294,0,https://open.spotify.com/track/72Z9qAuAu9kJ5wB9tq33Pe,https://i.scdn.co/image/ab6761610000e5ebd3f8504b5d87acb06be96330,https://i.scdn.co/image/ab67616d0000b2732ae2cf67a641f0c1b42eac96,39,short_term
39,Sou Ronaldo,Sou Ronaldo,Marcelo D2,2006,"Sou Ronaldo
Marcelo D2
Sou Ronaldo
2006",boom bap brasileiro,0.627,0.751,215600,0,https://open.spotify.com/track/7vQLaAneGCaz53U9rC44Wd,https://i.scdn.co/image/ab6761610000e5eb61d293f83494e0b0df152124,https://i.scdn.co/image/ab67616d0000b273fd04a86fd7a222ffad2dff89,40,short_term
40,I Want You,"Retired from Sad, New Career in Business",Mitski,2013,"I Want You
Mitski
Retired from Sad, New Career in Business
2013",brooklyn indie,0.0655,0.339,183792,1,https://open.spotify.com/track/7FHj19QQigvMH1onMYRNLn,https://i.scdn.co/image/ab6761610000e5ebafb309e27fdb45e093958f9c,https://i.scdn.co/image/ab67616d0000b27334b5e51adeea6f1aa2285ce3,41,short_term
41,Pele,Bom Mesmo é Estar Debaixo D'Água Deluxe,Luedji Luna,2022,"Pele
Luedji Luna
Bom Mesmo é Estar Debaixo D'Água Deluxe
2022",afrofuturismo brasileiro,0.386,0.662,209383,0,https://open.spotify.com/track/0PtF5b2htPW0SQ53ouE6VP,https://i.scdn.co/image/ab6761610000e5ebd3f8504b5d87acb06be96330,https://i.scdn.co/image/ab67616d0000b2732ae2cf67a641f0c1b42eac96,42,short_term
42,Licença Aqui,Doozicabraba e a Revolução Silenciosa,Emicida,2011,"Licença Aqui
Emicida
Doozicabraba e a Revolução Silenciosa
2011",afrofuturismo brasileiro,0.64,0.562,226440,1,https://open.spotify.com/track/3YEu2zvGsP1j30P7MdM8Uk,https://i.scdn.co/image/ab6761610000e5eb908b4b4bc90e1518b68b4068,https://i.scdn.co/image/ab67616d0000b27319f2f5dfee3023fb8630c08e,43,short_term
43,Bielzinho / Bielzinho,<atrás/além>,O Terno,2019,"Bielzinho / Bielzinho
O Terno
<atrás/além>
2019",brazilian indie,0.524,0.584,227093,1,https://open.spotify.com/track/4BJZ7peGeJMaEDStS65Mol,https://i.scdn.co/image/ab6761610000e5eb38fb1dfbcae1006ba225b4c3,https://i.scdn.co/image/ab67616d0000b273c32340c5ed875c13a0a7173a,44,short_term
44,Brooklyn Baby,Ultraviolence (Deluxe),Lana Del Rey,2014,"Brooklyn Baby
Lana Del Rey
Ultraviolence (Deluxe)
2014",art pop,0.0949,0.404,351640,1,https://open.spotify.com/track/1NZs6n6hl8UuMaX0UC0YTz,https://i.scdn.co/image/ab6761610000e5ebc5903678d3db18e271e42be0,https://i.scdn.co/image/ab67616d0000b2731624590458126fc8b8c64c2f,45,short_term
45,"Thunderclouds (feat. Sia, Diplo, and Labrinth)","LABRINTH, SIA & DIPLO PRESENT... LSD",Sia,2019,"Thunderclouds (feat. Sia, Diplo, and Labrinth)
Sia
LABRINTH, SIA & DIPLO PRESENT... LSD
2019",australian dance,0.489,0.69,187027,1,https://open.spotify.com/track/4lJNen4SMTIJMahALc3DcB,https://i.scdn.co/image/ab6761610000e5ebe8637c96a7aa2917eae3c54d,https://i.scdn.co/image/ab67616d0000b2733f159ae07dd556323f39f47b,46,short_term
46,Liquid Smooth,Lush,Mitski,2012,"Liquid Smooth
Mitski
Lush
2012",brooklyn indie,0.124,0.424,169773,0,https://open.spotify.com/track/3XCveEutwTaDiekRkkfdp9,https://i.scdn.co/image/ab6761610000e5ebafb309e27fdb45e093958f9c,https://i.scdn.co/image/ab67616d0000b27318bbdba0da26e4ae050fb1b8,47,short_term
47,No Stress,ZAM ZAM,Lamparina,2021,"No Stress
Lamparina
ZAM ZAM
2021",nova mpb,0.545,0.808,212433,0,https://open.spotify.com/track/2fIdSo9QPKWtlc29d9L0u3,https://i.scdn.co/image/ab6761610000e5ebac984131a4d86ea159fe6212,https://i.scdn.co/image/ab67616d0000b273286cd09815629e7be8df40c7,48,short_term
48,Chegamos Ao Fim - Ao Vivo,Mtv Ao Vivo Arlindo Cruz - Vol. 2,Arlindo Cruz,2009,"Chegamos Ao Fim - Ao Vivo
Arlindo Cruz
Mtv Ao Vivo Arlindo Cruz - Vol. 2
2009",pagode,0.804,0.507,200093,1,https://open.spotify.com/track/0rUFpKZFlF6bCv1P4pfzxp,https://i.scdn.co/image/ab6761610000e5eb181873f93056642d7b340839,https://i.scdn.co/image/ab67616d0000b27301f256c71c4d63e0f5bc75e7,49,short_term
49,Brick by Boring Brick,Brand New Eyes,Paramore,2009,"Brick by Boring Brick
Paramore
Brand New Eyes
2009",candy pop,0.5,0.436,253947,1,https://open.spotify.com/track/1a9YW7fATU351ok4zWjU7a,https://i.scdn.co/image/ab6761610000e5ebb10c34546a4ca2d7faeb8865,https://i.scdn.co/image/ab67616d0000b273e01d7d558032457b0e4883f6,50,short_term
